accuracy,f1_macro,precision_macro,recall_macro
0.7916830129462534,0.7921625684554681,0.7935525414300056,0.7919303856388409
