,precision,recall,f1-score,support
0,0.19850921930168694,1.0,0.3312602291325696,506.0
1,0.0,0.0,0.0,507.0
2,0.0,0.0,0.0,504.0
3,0.0,0.0,0.0,512.0
4,0.0,0.0,0.0,520.0
accuracy,0.19850921930168694,0.19850921930168694,0.19850921930168694,0.19850921930168694
macro avg,0.039701843860337385,0.2,0.06625204582651392,2549.0
weighted avg,0.03940591014776524,0.19850921930168694,0.06575820947080432,2549.0
