accuracy,f1_macro,precision_macro,recall_macro
0.6081632653061224,0.607329554271886,0.6198591114565806,0.6061336304938709
