model,accuracy,macro_f1
LogisticRegression,0.5229508196721312,0.5192168295540058
MultinomialNB,0.49918032786885247,0.481236482480669
LinearSVC,0.47622950819672133,0.4754643750207001
RandomForest,0.5,0.4990669007959642
