accuracy,f1_macro,precision_macro,recall_macro
0.7667386609071274,0.7633514253587449,0.7647824537978323,0.763295277973842
